ID,Title,Location,Salary,Summary
https://kr.indeed.com/viewjob?jk=cd2928b1809b7ce9,"Sales Support Manager, Customer Support...",Ericsson 서울,,"Support sales organization in generating short and long- term profitable business for Ericsson by working closely as CSR, part..."
https://kr.indeed.com/viewjob?jk=002819cee113c921,Beauty Care Sales Intern,Henkel 서울,,"체험형 인턴십 JOB ID: 21015722 Contract & Job type: Full Time, Limited Term Contact information for application-related questions..."
https://kr.indeed.com/viewjob?jk=92116d60e37408ad,Operations Manager,IAR Systems 서울,,most important players... market will create long- term customer value... unique market position. Our Culture Equal...
https://kr.indeed.com/viewjob?jk=3b42fae358bb7b7a,[해외취업] 플라스틱 사출&무역물류 전문기업 / 생산관리 부문 인턴사원,사이다링크 서울 논현동,,your outcome in mind. We strive to create a long term personalized relationship with all our clients by demonstrating premium...
https://kr.indeed.com/viewjob?jk=d54d8d83830396a4,한국대표부 민간파트너십팀 커뮤니케이션 담당 직원,유엔난민기구 서울 을지로동,,PSP Officer (Communications) in line... 2021-2025 Long- Term Strategy for PSP Korea programme. I. Summary of Position...
https://kr.indeed.com/viewjob?jk=e5734861c6e39637,Young Leaders Program-Product Line,Electrolux 3.8 서울,,"Secure mid/long term product portfolio... Work with team for short- term and long- term planning, P&L projection, financial..."
https://kr.indeed.com/viewjob?jk=c1b5d2a3187799ab,Services Executive,ServiceNow 서울,,educate and engage others on longer term sources for organic growth. Demonstrates... promoting long- term solutions. Ensures...
https://kr.indeed.com/viewjob?jk=4f958eb4bfd638f4,"Intern, Content Acquisition & Partnershi...",Rakuten Viki Singapore 서울,,content and developing partnership opportunities... contract term is a minimum of 6 months... position will begin...
https://kr.indeed.com/viewjob?jk=23ec9f97a2bd1de4,Financial Analyst (Fixed-term),Thermo Fisher Scientific 3.5 서울,,"At Thermo Fisher Scientific, each one of our 75,000 extraordinary minds has a unique story to tell. Join us and contribute..."
https://kr.indeed.com/viewjob?jk=1b28e89d02afb811,[Consumer Health] Korea Supply Chain Hea...,Johnson & Johnson Family of Companies 4.2 서울,,"oriented and ability to follow through on committed tasks Long- term thinking, innovative & collaborative working Min. fluent..."
https://kr.indeed.com/viewjob?jk=a8fc5759bd1482b2,DIRECTOR-SALES,Harman International 서울,,"mid-long term strategy and business... management, Successful NPI, Short term and mid-long term product planning, Product..."
https://kr.indeed.com/viewjob?jk=3a971b518fef36bf,Application Scientist,Oxford Instruments Plc 서울,,partners and market conditions consistent... long- term goals... company. Carry out customer demonstrations...
https://kr.indeed.com/viewjob?jk=2445e1ef103a4366,Legal Counsel,Microsoft 4.2 서울,,"agreements, term sheets, MOUs), Serve... short term and shaping a favorable business environment... longer term..."
https://kr.indeed.com/viewjob?jk=b2483f2b615e5bbf,"General Manager, South Korea",Moderna 서울,,"from short- term oriented stakeholders... following competencies are critical to succeed at Moderna, Inc... long- term..."
https://kr.indeed.com/viewjob?jk=278e2955b61b60d1,"Recruiter, Seoul, Korea",Tesla 서울,,All applications must be submitted online and contain an English CV... position is fixed- term direct contract position.
https://kr.indeed.com/viewjob?jk=b0c20a3545bb3ed3,Senior IT Manager,SAIC 4.0 서울,,"management and results are assessed from a relatively long- term perspective. Externally, the daily operations, maintenance..."
https://kr.indeed.com/viewjob?jk=cecb5a32cdf31f58,Marketing Coordinator,FedEx Express APAC 서울,,"Job Category: Marketing Time Type: Full Time Job Type: Fixed Term Job Posting End Date: 2021-05-29 Digital Content, Digital..."
https://kr.indeed.com/viewjob?jk=3cac25900a93cd09,Member Marketing Director,Nike 4.1 서울,,"Brand Creative, Brand Management, and Product— to create a long- term roadmap of projects to optimize and enhance the overall..."
https://kr.indeed.com/viewjob?jk=65d0a786cf0580d4,"Intern, Content Operations",Rakuten Viki Singapore 서울,,Operations team in both Korea and Singapore... contract term is a minimum of 6 months... position will begin as soon...
https://kr.indeed.com/viewjob?jk=d469060f82265b74,CEO & GM Assistant,BNP Paribas 3.9 서울,,skills Primary Location: KR-11-Seoul (City) Job Type: Fixed Term Job: PROCUREMENT OR SECURITY OR FACILITIES MANAGEMENT...
https://kr.indeed.com/viewjob?jk=ce37da3523abb35c,CIB - Equity Research - Research Analyst...,"JPMorgan Chase Bank, N.A. 서울",,"drives everything we do. We strive to build trusted, long- term partnerships to help our clients achieve... business..."
https://kr.indeed.com/viewjob?jk=595393fb1050bd30,Sales Manager,TopUp Learning London 서울 • 원격 근무,"연봉 19,000,000원 - 24,000,000원",list/database of prospect clients · Maintaining short- and long- term business development plans · Maintaining database...
https://kr.indeed.com/viewjob?jk=278e2955b61b60d1,"Recruiter, Seoul, Korea",Tesla 서울,,All applications must be submitted online and contain an English CV... position is fixed- term direct contract position.
https://kr.indeed.com/viewjob?jk=d2a3e4a71ede71be,Junior Marketing Manager (Beauty Categor...,Philips 4.0 서울,,"Strategy tracking & action planning (for short to mid-long term etc) working with marketing managers, multifunctional..."
https://kr.indeed.com/viewjob?jk=d9c6fb4d0e038777,Sales Trainer - S. Korea/Japan,Ergomotion 서울 • 원격 근무,"연봉 33,000,000원 - 41,000,000원","Ergomotion business goals and objectives... long- term, contract position. Candidate may be located in either South..."
https://kr.indeed.com/viewjob?jk=a2327b7725b2a682,Account Manager - S. Korea/Japan,Ergomotion 서울,"연봉 40,000,000원 - 50,000,000원","lifestyle base market in South Korea and Japan... long term, contract position. Candidate may be located in either..."
https://kr.indeed.com/viewjob?jk=4f958eb4bfd638f4,"Intern, Content Acquisition & Partnershi...",Rakuten Viki Singapore 서울,,content and developing partnership opportunities... contract term is a minimum of 6 months... position will begin...
https://kr.indeed.com/viewjob?jk=a02b48c71cba4e6f,Commercial&Digital IT Analyst,Clarios 서울,,advisory... groups on digital IT solutions and drive near term IT investment planning. Partner with business to capture...
https://kr.indeed.com/viewjob?jk=ba4474b6e9dc0063,Campaign Operations Manager,Netflix 서울,,pre-empt and solve for long- term solutions whilst being able to pivot... flexible on short- term needs. Lead and manage...
https://kr.indeed.com/viewjob?jk=a45c5c676b709711,Course Consultant,British Council 4.2 서울,,"longer term, creating benefit... publications. Contract: 1-year fixed term (renewable thereafter) | Location: Seoul..."
https://kr.indeed.com/viewjob?jk=d2a3e4a71ede71be,Junior Marketing Manager (Beauty Categor...,Philips 4.0 서울,,"Strategy tracking & action planning (for short to mid-long term etc) working with marketing managers, multifunctional..."
https://kr.indeed.com/viewjob?jk=bd518a3019e9f8c8,Intern (August 2021,Macquarie Group Limited 서울,,"principal investment. Job no: MAM-957512 Work type: Fixed term Location: Seoul Category: Junior, Asset Management, Graduate..."
https://kr.indeed.com/viewjob?jk=fee606d8140aefe3,"Recruiting Researcher, Korea",Netflix 서울,,"maintain relationships with key talent pools, for short- term and long- term needs As part of a tightly integrated, global..."
https://kr.indeed.com/viewjob?jk=61cfff0bf6a89638,Associate Field Interpreter,United Nations 서울,,commission of any... acts. The term “sexual exploitation” means any actual... conditions. The term “sexual harassment...
https://kr.indeed.com/viewjob?jk=a9a01eb54cd6375b,"ROK - Assistant Trade Officer, A1 (L)",Foreign & Commonwealth Office 서울,,"year 4 June 2021 Grade A1 (L) Type of Position Fixed Term, Full-time Working hours per week 36 hours per week Duration..."
https://kr.indeed.com/viewjob?jk=ca502bebdb22c933,Retail Manager,Louis Vuitton 서울,,local market and business world Nurture positive long- term business relations Propose and participate in public relations...
https://kr.indeed.com/viewjob?jk=4f958eb4bfd638f4,"Intern, Content Acquisition & Partnershi...",Rakuten Viki Singapore 서울,,content and developing partnership opportunities... contract term is a minimum of 6 months... position will begin...
https://kr.indeed.com/viewjob?jk=3cac25900a93cd09,Member Marketing Director,Nike 4.1 서울,,"Brand Creative, Brand Management, and Product— to create a long- term roadmap of projects to optimize and enhance the overall..."
https://kr.indeed.com/viewjob?jk=65d0a786cf0580d4,"Intern, Content Operations",Rakuten Viki Singapore 서울,,Operations team in both Korea and Singapore... contract term is a minimum of 6 months... position will begin as soon...
https://kr.indeed.com/viewjob?jk=42034e99bcc9713f,HR Intern,BD 서울,,portal management Hiring Support for contingent worker and fixed- term Data management for psychometric test Employer Branding...
https://kr.indeed.com/viewjob?jk=cecb5a32cdf31f58,Marketing Coordinator,FedEx Express APAC 서울,,"Job Category: Marketing Time Type: Full Time Job Type: Fixed Term Job Posting End Date: 2021-05-29 Digital Content, Digital..."
https://kr.indeed.com/viewjob?jk=395fc9d665f68042,Branch Operations Analyst (1 Year Fixed...,Deutsche Bank 3.8 서울,,Client communication for outbound listed derivatives Resolving issues with client accounts for outbound LD Daily money...
https://kr.indeed.com/viewjob?jk=41db01cc3877d021,Selling Partner Support Associate,Amazon Services Korea LLC 서울,,Position Description: Global Seller Support Associate (Fixed- term... Seller Support Associate acts... primary...
https://kr.indeed.com/viewjob?jk=ac5a8c4def202273,Trainee - Corp. Coverage Clients,Société Générale 3.9 서울,,"focused on strategic dialogue with clients. Building on long- term relationships based on trust, the coverage bankers promotes..."
https://kr.indeed.com/viewjob?jk=af323267aa4966ac,EBC Program Manager,Amazon Web Services Korea LLC 서울,,· Large scale event management experience · Demonstrated success in project management · Senior Executive engagement Would…
https://kr.indeed.com/viewjob?jk=f21889e79ef40569,Senior AI/ML Consultant,Amazon Web Services Korea LLC 서울,,"· A Bachelor or Masters Degree in a highly quantitative field (Computer Science, Machine Learning, Operational Research,…"
https://kr.indeed.com/viewjob?jk=e64d2f1e2de938b4,Solutions Architect,Amazon Web Services Korea LLC 서울,,"· Strong verbal and written communications skills · Experience in infrastructure, database and networking architecture for…"
https://kr.indeed.com/viewjob?jk=263617585a0df9de,"Manager, Global Key Account, Wholesale",Adidas 4.0 서울,,Purpose & Overall Relevance for the Organisation To develop objectives and action plans for the assigned franchisees in…
https://kr.indeed.com/viewjob?jk=dbbb6f2043df5dfb,[해외취업] 플라스틱 사출&무역물류 전문기업 / 인사관리 부문 인턴사원,사이다링크 서울 논현동,,직종 총무 및 인사 관리자 모집공고번호 E20210427013 모집인원 2명 연령 고용상 연령차별금지 및 고령자 고용촉진에 관한 법률이 시행됨에 따라 채용정보에서 연령이 삭제되었습니다. 국가 미국 자격요건 학력 대학(교)…
https://kr.indeed.com/viewjob?jk=416f154ba5b9df70,"Field Sales Representative, Independent...",Google 4.3 서울,,"Due to the current health crisis related to COVID-19 and the escalating visa/travel restrictions in place, we're currently…"
https://kr.indeed.com/viewjob?jk=034784abd9e03924,Import/Export Specialist (수출입통관/18 month...,Richemont 서울,,"Reference Code: 34405 Import/Export Specialist (수출입통관/18 months contract) Richemont Seoul, 11, KR Fixed Term Richemont…"
https://kr.indeed.com/viewjob?jk=08bfb19500693263,Women’s Performance Sports Marketing Lea...,Nike 4.1 서울,,"Become a Part of the NIKE, Inc. Team NIKE, Inc. does more than outfit the world’s best athletes. It is a place to explore…"
https://kr.indeed.com/viewjob?jk=0f9b762e5d468542,CW-Associate Value Access,Amgen 서울,,Career Category Value and Access Job Description Main Roles & Responsibilities Develop strategic pricing and…
https://kr.indeed.com/viewjob?jk=cd2928b1809b7ce9,"Sales Support Manager, Customer Support...",Ericsson 서울,,[Ericsson-LG] Sales Support Manager 채용 Ericsson-LG는 스웨덴식 혁신과 한국식 기술력의 조화로 설립된 합작 법인입니다. 2010년 7월 1일에 Ericsson과 LG전자의 공동…
https://kr.indeed.com/viewjob?jk=2741253de882f237,"Digital/PR Marketing 팀장(8-12년, 과차장급)-유명글...",에이치엘비파트너스 서울 강남구,,"Digital/PR Marketing 팀장(8-12년, 과차장급)-유명글로벌소비재 Job Description ž This position resides within the country digital marketing…"
https://kr.indeed.com/viewjob?jk=7d72ef2d6f005102,Commercial Finance Analyst,GE Healthcare 서울,,Job Description Summary GE Healthcare is a leading global medical technology and digital solutions innovator. Our mission…
https://kr.indeed.com/viewjob?jk=e75ea5722d3f8f9a,"Area Vice President,Sales - South Korea",UiPath 서울,,"At UiPath we see boundless potential in the way we live. It drives the way we work. Our culture is our most valuable asset,…"
https://kr.indeed.com/viewjob?jk=93872352e5b950d1,"Cross-Google Partner Manager, Partnershi...",Google 4.3 서울,,"Due to the current health crisis related to COVID-19 and the escalating visa/travel restrictions in place, we're currently…"
https://kr.indeed.com/viewjob?jk=1b56072383d62276,Consumer Marketing Manager (Contractor),Philips 4.0 서울,,Job Title Consumer Marketing Manager (Contractor) Job Description Responsible for leading the category business to…
